Date,Open,High,Low,Close,Adj Close,Volume,mean_weighted_sentiment,num_tweets
1/1/2022,46311.74609,47827.3125,46288.48438,47686.8125,47686.8125,24582667004,0.100179437,13259
1/2/2022,47680.92578,47881.40625,46856.9375,47345.21875,47345.21875,27951569547,0.076258979,14544
1/3/2022,47343.54297,47510.72656,45835.96484,46458.11719,46458.11719,33071628362,0.075940797,22219
1/4/2022,46458.85156,47406.54688,45752.46484,45897.57422,45897.57422,42494677905,0.074601326,18951
1/5/2022,45899.35938,46929.04688,42798.22266,43569.00391,43569.00391,36851084859,0.060661481,23294
1/6/2022,43565.51172,43748.71875,42645.53906,43160.92969,43160.92969,30208048289,0.031308592,25576
1/7/2022,43153.57031,43153.57031,41077.44531,41557.90234,41557.90234,84196607520,0.043346284,25579
1/8/2022,41561.46484,42228.94141,40672.27734,41733.94141,41733.94141,28066355845,0.035276357,20416
1/9/2022,41734.72656,42663.94922,41338.16016,41911.60156,41911.60156,21294384372,0.063756508,17146
1/10/2022,41910.23047,42199.48438,39796.57031,41821.26172,41821.26172,32104232331,0.051472469,23850
1/11/2022,41819.50781,43001.15625,41407.75391,42735.85547,42735.85547,26327648900,0.071061362,21289
1/12/2022,42742.17969,44135.36719,42528.98828,43949.10156,43949.10156,33499938689,0.068881893,22115
1/13/2022,43946.74219,44278.42188,42447.04297,42591.57031,42591.57031,47691135082,0.080315006,19992
1/14/2022,42598.87109,43346.6875,41982.61719,43099.69922,43099.69922,23577403399,0.060098826,18481
1/15/2022,43101.89844,43724.67188,42669.03516,43177.39844,43177.39844,18371348298,0.066167824,14746
1/16/2022,43172.03906,43436.80859,42691.02344,43113.87891,43113.87891,17902097845,0.076585122,14440
1/17/2022,43118.12109,43179.39063,41680.32031,42250.55078,42250.55078,21690904261,0.065241858,18028
1/18/2022,42250.07422,42534.40234,41392.21484,42375.63281,42375.63281,22417209227,0.074465397,20082
1/19/2022,42374.03906,42478.30469,41242.91406,41744.32813,41744.32813,23091543258,0.071927088,20012
1/20/2022,41744.02734,43413.02344,40672.82422,40680.41797,40680.41797,20382033940,0.065783906,23489
1/21/2022,40699.60547,41060.52734,35791.42578,36457.31641,36457.31641,43011992031,0.006722967,36025
1/22/2022,36471.58984,36688.8125,34349.25,35030.25,35030.25,39714385405,0.020088633,32911
1/23/2022,35047.35938,36433.3125,34784.96875,36276.80469,36276.80469,26017975951,0.052573651,21228
1/24/2022,36275.73438,37247.51953,33184.05859,36654.32813,36654.32813,41856658597,0.030550288,30306
1/25/2022,36654.80469,37444.57031,35779.42969,36954.00391,36954.00391,26428189594,0.044890477,23463
1/26/2022,36950.51563,38825.41016,36374.90625,36852.12109,36852.12109,31324598034,0.039947591,25310
1/27/2022,36841.87891,37148.32422,35629.28125,37138.23438,37138.23438,25041426629,0.048379925,21410
1/28/2022,37128.44531,37952.87891,36211.10938,37784.33203,37784.33203,22238830523,0.075838878,21800
1/29/2022,37780.71484,38576.26172,37406.47266,38138.17969,38138.17969,17194183075,0.068280695,17520
1/30/2022,38151.91797,38266.33984,37437.71094,37917.60156,37917.60156,14643548444,0.066590321,15914
1/31/2022,37920.28125,38647.26172,36733.57422,38483.125,38483.125,20734730465,0.048880697,20149
2/1/2022,38481.76563,39115.13281,38113.66406,38743.27344,38743.27344,20288500328,0.050515835,22944
2/2/2022,38743.71484,38834.61719,36832.73047,36952.98438,36952.98438,19155189416,0.064337238,21014
2/3/2022,36944.80469,37154.60156,36375.53906,37154.60156,37154.60156,18591534769,0.049654788,19846
2/4/2022,37149.26563,41527.78516,37093.62891,41500.875,41500.875,29412210792,0.040060007,24952
2/5/2022,41501.48047,41847.16406,41038.09766,41441.16406,41441.16406,19652846215,0.047876564,21765
2/6/2022,41441.12109,42500.78516,41244.90625,42412.43359,42412.43359,16142097334,0.065491351,18162
2/7/2022,42406.78125,44401.86328,41748.15625,43840.28516,43840.28516,28641855926,0.067746942,25122
2/8/2022,43854.65234,45293.86719,42807.83594,44118.44531,44118.44531,33079398868,0.069285578,23601
2/9/2022,44096.70313,44727.80078,43232.96875,44338.79688,44338.79688,23245887300,0.068076131,24388
2/10/2022,44347.80078,45661.17188,43402.80859,43565.11328,43565.11328,32142048537,0.044357708,24474
2/11/2022,43571.12891,43810.83203,42114.53906,42407.9375,42407.9375,26954925781,0.056117781,21132
2/12/2022,42412.30078,42992.55078,41852.57422,42244.46875,42244.46875,18152390304,0.059343895,17112
2/13/2022,42236.56641,42693.05469,41950.94141,42197.51563,42197.51563,14741589015,0.061334164,16681
2/14/2022,42157.39844,42775.77734,41681.95703,42586.91797,42586.91797,20827783012,0.062098968,20771
2/15/2022,42586.46484,44667.21875,42491.03516,44575.20313,44575.20313,22721659051,0.058326335,24747
2/16/2022,44578.27734,44578.27734,43456.69141,43961.85938,43961.85938,19792547657,0.046208257,21129
2/17/2022,43937.07031,44132.97266,40249.37109,40538.01172,40538.01172,26246662813,0.04006077,25280
2/18/2022,40552.13281,40929.15234,39637.61719,40030.97656,40030.97656,23310007704,0.031073555,23195
2/19/2022,40026.02344,40418.87891,39713.05859,40122.15625,40122.15625,13736557863,0.044464806,17102
2/20/2022,40118.10156,40119.89063,38112.8125,38431.37891,38431.37891,18340576452,0.034968718,19188
2/21/2022,38423.21094,39394.4375,36950.47656,37075.28125,37075.28125,29280402798,0.039657665,22924
2/22/2022,37068.76953,38359.85547,36488.93359,38286.02734,38286.02734,25493150450,0.043168263,22402
2/23/2022,38285.28125,39122.39453,37201.81641,37296.57031,37296.57031,21849073843,0.048348524,21174
2/24/2022,37278.56641,38968.83984,34459.21875,38332.60938,38332.60938,46383802093,0.012705665,27879
2/25/2022,38333.74609,39630.32422,38111.34375,39214.21875,39214.21875,26545599159,0.04475467,21323
2/26/2022,39213.08203,40005.34766,38702.53516,39105.14844,39105.14844,17467554129,0.051888111,16439
2/27/2022,39098.69922,39778.94141,37268.97656,37709.78516,37709.78516,23450127612,0.048156687,16587
2/28/2022,37706,43760.45703,37518.21484,43193.23438,43193.23438,35690014104,0.043317414,25659
3/1/2022,43194.50391,44793.60156,42952.58594,44354.63672,44354.63672,32479047645,0.051007696,25185
3/2/2022,44357.61719,45077.57813,43432.85156,43924.11719,43924.11719,29183112630,0.053645003,20718
3/3/2022,43925.19531,44021.57813,41914.75,42451.78906,42451.78906,24967782593,0.057756926,19854
3/4/2022,42458.14063,42479.61328,38805.84766,39137.60547,39137.60547,28516271427,0.048660666,20953
3/5/2022,39148.44922,39566.33594,38777.03516,39400.58594,39400.58594,16975917450,0.07662166,15617
3/6/2022,39404.19922,39640.17578,38211.64844,38419.98438,38419.98438,19745229902,0.064288082,14917
3/7/2022,38429.30469,39430.22656,37260.20313,38062.03906,38062.03906,28546143503,0.061668396,19515
3/8/2022,38059.90234,39304.44141,37957.38672,38737.26953,38737.26953,25776583476,0.055303189,18386
3/9/2022,38742.81641,42465.67188,38706.09375,41982.92578,41982.92578,32284121034,0.065240038,23769
3/10/2022,41974.07031,42004.72656,38832.94141,39437.46094,39437.46094,31078064711,0.054905877,20585
3/11/2022,39439.96875,40081.67969,38347.43359,38794.97266,38794.97266,26364890465,0.059807816,19042
3/12/2022,38794.46484,39308.59766,38772.53516,38904.01172,38904.01172,14616450657,0.073834365,15737
3/13/2022,38884.72656,39209.35156,37728.14453,37849.66406,37849.66406,17300745310,0.060031432,15327
3/14/2022,37846.31641,39742.5,37680.73438,39666.75391,39666.75391,24322159070,0.050330005,21046
3/15/2022,39664.25,39794.62891,38310.21094,39338.78516,39338.78516,23934000868,0.066034856,19267
3/16/2022,39335.57031,41465.45313,39022.34766,41143.92969,41143.92969,39616916192,0.060786437,22101
3/17/2022,41140.84375,41287.53516,40662.87109,40951.37891,40951.37891,22009601093,0.076210112,17489
3/18/2022,40944.83984,42195.74609,40302.39844,41801.15625,41801.15625,34421564942,0.056598437,17824
3/19/2022,41794.64844,42316.55469,41602.66797,42190.65234,42190.65234,19664853187,0.077117345,14945
3/20/2022,42191.40625,42241.16406,41004.75781,41247.82422,41247.82422,20127946682,0.072738932,14351
3/21/2022,41246.13281,41454.41016,40668.04297,41077.99609,41077.99609,24615543271,0.068247341,19185
3/22/2022,41074.10547,43124.70703,40948.28125,42358.80859,42358.80859,32004652376,0.068989285,21336
3/23/2022,42364.37891,42893.50781,41877.50781,42892.95703,42892.95703,25242943069,0.062038625,19520
3/24/2022,42886.65234,44131.85547,42726.16406,43960.93359,43960.93359,31042992291,0.064797662,23683
3/25/2022,43964.54688,44999.49219,43706.28516,44348.73047,44348.73047,30574413034,0.066792218,23711
3/26/2022,44349.85938,44735.99609,44166.27344,44500.82813,44500.82813,16950455995,0.063101022,17001
3/27/2022,44505.35547,46827.54688,44437.29297,46820.49219,46820.49219,28160889722,0.06692969,21208
3/28/2022,46821.85156,48086.83594,46690.20313,47128.00391,47128.00391,36362175703,0.058380944,25312
3/29/2022,47100.4375,48022.28906,47100.4375,47465.73047,47465.73047,31397059069,0.069052769,22646
3/30/2022,47456.89844,47655.14844,46746.21094,47062.66406,47062.66406,29333883962,0.090043704,25279
3/31/2022,47062.14844,47512.02734,45390.53906,45538.67578,45538.67578,33327427106,0.093764774,25408
4/1/2022,45554.16406,46616.24219,44403.14063,46281.64453,46281.64453,38162644287,0.08382019,27669
4/2/2022,46285.5,47028.28125,45782.51172,45868.94922,45868.94922,29336594194,0.103263887,20472
4/3/2022,45859.12891,47313.47656,45634.10547,46453.56641,46453.56641,25414397610,0.108220001,19757
4/4/2022,46445.27344,46791.08984,45235.81641,46622.67578,46622.67578,32499785455,0.111066872,24198
4/5/2022,46624.50781,47106.14063,45544.80859,45555.99219,45555.99219,29640604055,0.106992648,25533
4/6/2022,45544.35547,45544.35547,43193.95313,43206.73828,43206.73828,39393395788,0.090191481,27745
4/7/2022,43207.5,43860.69922,42899.90625,43503.84766,43503.84766,26101973106,0.096280791,28749
4/8/2022,43505.13672,43903.01953,42183.28906,42287.66406,42287.66406,27215995394,0.105011036,27431
4/9/2022,42282.07813,42786.81641,42183.25391,42782.13672,42782.13672,16050772496,0.126290911,21004
4/10/2022,42781.08984,43376.37891,42021.20703,42207.67188,42207.67188,17654475582,0.126999899,20285
4/11/2022,42201.03906,42424.58984,39373.05859,39521.90234,39521.90234,33949912166,0.077829978,29752
4/12/2022,39533.71484,40617.58594,39388.32813,40127.18359,40127.18359,30991500854,0.081731578,27204
4/13/2022,40123.57031,41430.05469,39712.74609,41166.73047,41166.73047,27691105228,0.101596152,25488
4/14/2022,41160.21875,41451.48047,39695.74609,39935.51563,39935.51563,24342001973,0.10235921,23360
4/15/2022,39939.40234,40617.72266,39866.83203,40553.46484,40553.46484,21756855753,0.122010952,21103
4/16/2022,40552.31641,40633.67969,40078.42578,40424.48438,40424.48438,16833150693,0.153052554,18687
4/17/2022,40417.77734,40570.72656,39620.89453,39716.95313,39716.95313,19087633042,0.145259002,18732
4/18/2022,39721.20313,40986.32031,38696.19141,40826.21484,40826.21484,33705182072,0.113307889,25902
4/19/2022,40828.17578,41672.96094,40618.63281,41502.75,41502.75,25303206547,0.164711862,25338
4/20/2022,41501.74609,42126.30078,40961.09766,41374.37891,41374.37891,27819532341,0.149232111,25559
4/21/2022,41371.51563,42893.58203,40063.82813,40527.36328,40527.36328,35372786395,0.133109091,26683
4/22/2022,40525.86328,40777.75781,39315.41797,39740.32031,39740.32031,28011716745,0.118273706,25683
4/23/2022,39738.72266,39935.85938,39352.20313,39486.73047,39486.73047,16138021249,0.163072182,20294
4/24/2022,39478.375,39845.92578,39233.53906,39469.29297,39469.29297,17964398167,0.145534422,18740
4/25/2022,39472.60547,40491.75391,38338.37891,40458.30859,40458.30859,35445730570,0.095461038,26028
4/26/2022,40448.42188,40713.89063,37884.98438,38117.46094,38117.46094,34569088416,0.105756933,26769
4/27/2022,38120.30078,39397.91797,37997.3125,39241.12109,39241.12109,30981015184,0.106721063,28429
4/28/2022,39241.42969,40269.46484,38941.42188,39773.82813,39773.82813,33903704907,0.091323156,27217
4/29/2022,39768.61719,39887.26953,38235.53516,38609.82422,38609.82422,30882994649,0.101143428,25009
4/30/2022,38605.85938,38771.21094,37697.94141,37714.875,37714.875,23895713731,0.115887272,21055
5/1/2022,37713.26563,38627.85938,37585.78906,38469.09375,38469.09375,27002760110,0.115617332,22888
5/2/2022,38472.1875,39074.97266,38156.5625,38529.32813,38529.32813,32922642426,0.09730137,23190
5/3/2022,38528.10938,38629.99609,37585.62109,37750.45313,37750.45313,27326943244,0.11226238,20289
5/4/2022,37748.01172,39902.94922,37732.05859,39698.37109,39698.37109,36754404490,0.116448474,26281
5/5/2022,39695.74609,39789.28125,35856.51563,36575.14063,36575.14063,43106256317,0.075499902,30367
5/6/2022,36573.18359,36624.35938,35482.13281,36040.92188,36040.92188,37795577489,0.073564109,28444
5/7/2022,36042.50391,36129.92578,34940.82422,35501.95313,35501.95313,24375896406,0.112991963,21730
5/8/2022,35502.94141,35502.94141,33878.96484,34059.26563,34059.26563,36763041910,0.07525099,25419
5/9/2022,34060.01563,34222.07422,30296.95313,30296.95313,30296.95313,63355494961,0.033869745,42228
5/10/2022,30273.6543,32596.30859,29944.80273,31022.90625,31022.90625,59811038817,0.051182248,33564
5/11/2022,31016.18359,32013.40234,28170.41406,28936.35547,28936.35547,70388855818,0.042755074,40002
5/12/2022,28936.73438,30032.43945,26350.49023,29047.75195,29047.75195,66989173272,0.024969633,40636
5/13/2022,29030.91016,30924.80273,28782.33008,29283.10352,29283.10352,42841124537,0.050684242,31473
5/14/2022,29285.64258,30192.80273,28702.91016,30101.26563,30101.26563,28579868620,0.05728446,23428
5/15/2022,30098.58594,31308.19141,29527.74023,31305.11328,31305.11328,25835372065,0.095358931,20699
5/16/2022,31304.375,31305.3418,29251.88477,29862.91797,29862.91797,32613897286,0.074041302,27794
5/17/2022,29862.4082,30694.49023,29570.30273,30425.85742,30425.85742,29101473475,0.090738732,25074
5/18/2022,30424.47852,30618.7168,28720.27148,28720.27148,28720.27148,31285268319,0.081332819,24375
5/19/2022,28720.35938,30430.75195,28708.95508,30314.33398,30314.33398,33773447707,0.078284339,22621
5/20/2022,30311.11914,30664.97656,28793.60547,29200.74023,29200.74023,30749382605,0.093306092,22560
5/21/2022,29199.85938,29588.86914,29027.39453,29432.22656,29432.22656,17274840442,0.118030522,19118
5/22/2022,29432.47266,30425.86133,29275.18359,30323.72266,30323.72266,21631532270,0.117806392,21733
5/23/2022,30309.39648,30590.58594,28975.56055,29098.91016,29098.91016,31483454557,0.100171012,23469
5/24/2022,29101.125,29774.35547,28786.58984,29655.58594,29655.58594,26616506245,0.098899178,22842
5/25/2022,29653.13477,30157.78516,29384.94922,29562.36133,29562.36133,27525063551,0.084222956,22455
5/26/2022,29564.77734,29834.16016,28261.90625,29267.22461,29267.22461,36774325352,0.097301864,23417
5/27/2022,29251.14063,29346.94336,28326.61328,28627.57422,28627.57422,36582005748,0.085433721,22252
5/28/2022,28622.625,28814.90039,28554.56641,28814.90039,28814.90039,35519577634,0.123890099,18222
5/29/2022,29019.86719,29498.00977,28841.10742,29445.95703,29445.95703,18093886409,0.107757403,17688
5/30/2022,29443.36523,31949.63086,29303.57227,31726.39063,31726.39063,39277993274,0.098674575,25137
5/31/2022,31723.86523,32249.86328,31286.1543,31792.31055,31792.31055,33538210634,0.103861537,24486
6/1/2022,31792.55469,31957.28516,29501.58789,29799.08008,29799.08008,41135817341,0.105914917,23767
6/2/2022,29794.89063,30604.73438,29652.70508,30467.48828,30467.48828,29083562061,0.099869426,16137
6/3/2022,30467.80664,30633.03516,29375.68945,29704.39063,29704.39063,26175547452,0.098615059,22638
6/4/2022,29706.13867,29930.56445,29500.00586,29832.91406,29832.91406,16588370958,0.112629151,18246
6/5/2022,29835.11719,30117.74414,29574.44922,29906.66211,29906.66211,17264085441,0.105845504,18637
6/6/2022,29910.2832,31693.29102,29894.1875,31370.67188,31370.67188,31947336829,0.096042644,25343
6/7/2022,31371.74219,31489.68359,29311.68359,31155.47852,31155.47852,40770974039,0.091658942,26845
6/8/2022,31151.48047,31253.69141,29944.4043,30214.35547,30214.35547,30242059107,0.095928551,23097
6/9/2022,30215.2793,30609.31055,30020.26563,30111.99805,30111.99805,21692004719,0.113085296,21522
6/10/2022,30110.33008,30245.80859,28978.14648,29083.80469,29083.80469,29867476527,0.086959235,23849
6/11/2022,29084.66602,29401.91602,28236.21289,28360.81055,28360.81055,27246574439,0.096915297,21106
6/12/2022,28373.51367,28502.68555,26762.64844,26762.64844,26762.64844,34163220274,0.075548914,22807
6/13/2022,26737.57813,26795.58984,22141.25781,22487.38867,22487.38867,68204556440,0.011480028,48656
6/14/2022,22487.98633,23018.95117,20950.81836,22206.79297,22206.79297,50913575242,0.007075759,36925
6/15/2022,22196.73047,22642.67188,20178.37695,22572.83984,22572.83984,54912007015,0.01839059,36555
6/16/2022,22576.30469,22868.92188,20265.22656,20381.65039,20381.65039,31183975654,0.039584921,28810
6/17/2022,20385.71875,21243.3125,20326.51953,20471.48242,20471.48242,27132421514,0.04021676,26250
6/18/2022,20473.42578,20736.04102,17708.62305,19017.64258,19017.64258,42009436760,0.011576307,43407
6/19/2022,19010.90234,20683.82227,18067.15234,20553.27148,20553.27148,35329942625,0.039505618,31544
6/20/2022,20553.37109,20913.32227,19689.16992,20599.53711,20599.53711,30818458597,0.064217498,28179
6/21/2022,20594.29492,21620.62891,20415.0625,20710.59766,20710.59766,28970212744,0.079388079,27043
6/22/2022,20719.41406,20835.75,19848.07813,19987.0293,19987.0293,28574793478,0.073069301,25013
6/23/2022,19986.60742,21135.76172,19950.11719,21085.87695,21085.87695,26188097173,0.078466668,24438
6/24/2022,21084.64844,21472.91797,20777.51172,21231.65625,21231.65625,24957784918,0.07828,23773
6/25/2022,21233.60938,21520.91406,20964.58594,21502.33789,21502.33789,18372538715,0.080462412,20237
6/26/2022,21496.49414,21783.72461,21016.26953,21027.29492,21027.29492,18027170497,0.102278722,19190
6/27/2022,21028.23828,21478.08984,20620.19922,20735.47852,20735.47852,20965695707,0.089606917,23433
6/28/2022,20731.54492,21164.42383,20228.8125,20280.63477,20280.63477,21381535161,0.087097958,24014
6/29/2022,20281.16992,20364.15625,19937.79102,20104.02344,20104.02344,23552740328,0.067549121,25580
6/30/2022,20108.3125,20141.16016,18729.65625,19784.72656,19784.72656,26267239923,0.049024823,28715
7/1/2022,19820.4707,20632.67188,19073.70898,19269.36719,19269.36719,30767551159,0.063612494,26008
7/2/2022,19274.83594,19371.74805,19027.08203,19242.25586,19242.25586,18100418740,0.090781462,20101
7/3/2022,19242.0957,19558.26953,18966.95117,19297.07617,19297.07617,16390821947,0.098108496,20411
7/4/2022,19297.31445,20258.74805,19063.06641,20231.26172,20231.26172,21594638208,0.083605476,24085
7/5/2022,20225.35352,20635.4668,19341.23242,20190.11523,20190.11523,26715546990,0.080219295,24112
7/6/2022,20194.61914,20595.5293,19823.51172,20548.24609,20548.24609,24598943708,0.086982955,24132
7/7/2022,20547.81445,21771.81641,20296.10352,21637.58789,21637.58789,25814972520,0.08466953,25350
7/8/2022,21637.1543,22314.94141,21257.45313,21731.11719,21731.11719,49899834488,0.081506712,24204
7/9/2022,21716.82813,21877.13867,21445.95703,21592.20703,21592.20703,29641127858,0.092956035,19228
7/10/2022,21591.08008,21591.08008,20727.12305,20860.44922,20860.44922,28688807249,0.094087381,18546
7/11/2022,20856.35352,20856.35352,19924.53906,19970.55664,19970.55664,24150249025,0.06041675,24290
7/12/2022,19970.47461,20043.44531,19308.53125,19323.91406,19323.91406,25810220018,0.062707321,24352
7/13/2022,19325.97266,20223.05273,18999.95313,20212.07422,20212.07422,33042430345,0.038985653,25194
7/14/2022,20211.4668,20789.89453,19689.25781,20569.91992,20569.91992,31158743333,0.073675655,24008
7/15/2022,20573.15625,21138.24414,20397,20836.32813,20836.32813,25905575359,0.094145024,22416
7/16/2022,20834.10352,21514.4043,20518.89844,21190.31641,21190.31641,24302954056,0.10787408,21121
7/17/2022,21195.04102,21600.64063,20778.17969,20779.34375,20779.34375,22927802083,0.105580798,20287
7/18/2022,20781.91211,22633.0332,20781.91211,22485.68945,22485.68945,39974475562,0.09517501,27652
7/19/2022,22467.84961,23666.96289,21683.40625,23389.43359,23389.43359,48765202697,0.094882702,28804
7/20/2022,23393.19141,24196.81836,23009.94922,23231.73242,23231.73242,42932549127,0.07108346,32246
7/21/2022,23233.20117,23388.32227,22431.14844,23164.62891,23164.62891,33631012204,0.069726606,29583
7/22/2022,23163.75195,23671.92773,22603.41602,22714.97852,22714.97852,31421555646,0.088743569,25167
7/23/2022,22706.98438,22977.21094,22002.91016,22465.47852,22465.47852,24021799169,0.067400668,20395
7/24/2022,22465.50977,22974.00195,22306.83984,22609.16406,22609.16406,23565495303,0.105850027,20615
7/25/2022,22607.15625,22649.12109,21361.64258,21361.70117,21361.70117,35574561406,0.082108552,25525
7/26/2022,21361.12109,21361.12109,20776.81641,21239.75391,21239.75391,28624673855,0.083257909,26003
7/27/2022,21244.16992,22986.5293,21070.80664,22930.54883,22930.54883,31758955233,0.078405478,26144
7/28/2022,22933.64063,24110.4707,22722.26563,23843.88672,23843.88672,40212386158,0.040793615,25854
7/29/2022,23845.21289,24294.78711,23481.17383,23804.63281,23804.63281,35887249746,0.058931056,24450
7/30/2022,23796.81836,24572.58008,23580.50781,23656.20703,23656.20703,28148218301,0.073910939,21109
7/31/2022,23652.07031,24121.64258,23275.70313,23336.89648,23336.89648,23553591896,0.090322105,20502
8/1/2022,23336.71875,23464.78711,22890.79688,23314.19922,23314.19922,25849159141,0.081356566,25413
8/2/2022,23308.43359,23415.04102,22710.08398,22978.11719,22978.11719,28389250717,0.091540547,25960
8/3/2022,22981.30273,23578.65039,22747.83594,22846.50781,22846.50781,26288169966,0.054506003,26072
8/4/2022,22848.21484,23198.00977,22485.70117,22630.95703,22630.95703,25120229769,0.057199319,25007
8/5/2022,22626.83398,23422.82813,22612.17773,23289.31445,23289.31445,28881249043,0.04934662,24799
8/6/2022,23291.42383,23326.5625,22961.2793,22961.2793,22961.2793,15978259885,0.079078322,20760
8/7/2022,22963.50586,23359.00977,22894.55664,23175.89063,23175.89063,15886817043,0.113425976,22350
8/8/2022,23179.52734,24203.68945,23176.54688,23809.48633,23809.48633,28575544847,0.056296939,28333
8/9/2022,23811.48438,23898.61523,22982,23164.31836,23164.31836,23555719219,0.071229177,26921
8/10/2022,23162.89844,24127.41406,22771.51953,23947.64258,23947.64258,32837431722,0.0437176,26141
8/11/2022,23948.3457,24822.62891,23900.99609,23957.5293,23957.5293,37127036580,0.062737663,27489
8/12/2022,23957.20313,24412.56641,23657.26563,24402.81836,24402.81836,27265804688,0.080200758,25370
8/13/2022,24402.1875,24860.05078,24346.11523,24424.06836,24424.06836,22987346289,0.105058514,21707
8/14/2022,24429.05664,24974.91406,24206.25977,24319.33398,24319.33398,22994133555,0.10526,20738
8/15/2022,24318.31641,25135.58984,23839.77539,24136.97266,24136.97266,35123501685,0.093246694,25258
8/16/2022,24126.13672,24228.41602,23733.5,23883.29102,23883.29102,27753685646,0.076776205,23805
8/17/2022,23881.31641,24407.05859,23243.35352,23335.99805,23335.99805,30931623076,0.060212227,25031
8/18/2022,23341.03906,23563.83203,23177.60156,23212.73828,23212.73828,23747613147,0.065888112,22845
8/19/2022,23213.3125,23213.3125,20868.84766,20877.55273,20877.55273,40509610260,0.048062586,28593
8/20/2022,20872.8418,21350.80664,20856.73047,21166.06055,21166.06055,27595671000,0.035607874,20873
8/21/2022,21160.39258,21668.8457,21103.19727,21534.12109,21534.12109,23102307723,0.055008123,18777
8/22/2022,21531.46289,21531.46289,20939.18359,21398.9082,21398.9082,31666498758,0.035017926,24095
8/23/2022,21401.04492,21646.20313,20955.13867,21528.08789,21528.08789,31878280659,0.074682908,24597
8/24/2022,21526.45508,21783.07617,21195.00586,21395.01953,21395.01953,31962253368,0.064952955,23022
8/25/2022,21395.45898,21789.63672,21362.44141,21600.9043,21600.9043,31028679593,0.063037537,22784
8/26/2022,21596.08594,21804.9082,20199.48242,20260.01953,20260.01953,42326789564,0.041953742,25790
8/27/2022,20262.48047,20340.77539,19890.52344,20041.73828,20041.73828,30116729776,0.047068232,22939
8/28/2022,20041.03516,20139.05469,19616.81445,19616.81445,19616.81445,24366810591,0.061959635,20714
8/29/2022,19615.1543,20357.46289,19600.78516,20297.99414,20297.99414,32637854078,0.044536795,24963
8/30/2022,20298.61133,20542.64453,19617.64063,19796.80859,19796.80859,34483360283,0.074131642,24227
8/31/2022,19799.58203,20420.99023,19799.58203,20049.76367,20049.76367,33225232872,0.067457662,23789
9/1/2022,20050.49805,20198.39063,19653.96875,20127.14063,20127.14063,30182031010,0.06910852,22935
9/2/2022,20126.07227,20401.56836,19814.76563,19969.77148,19969.77148,29123998928,0.076613471,22310
9/3/2022,19969.71875,20037.00977,19698.35547,19832.08789,19832.08789,23613051457,0.084476531,17976
9/4/2022,19832.4707,19999.68945,19636.81641,19986.71289,19986.71289,25245861652,0.077577253,18104
9/5/2022,19988.78906,20031.16016,19673.04688,19812.37109,19812.37109,28813460025,0.062742843,22474
9/6/2022,19817.72461,20155.26953,18800.17188,18837.66797,18837.66797,43403978910,0.046719484,26125
9/7/2022,18837.68359,19427.17188,18644.4668,19290.32422,19290.32422,35239757134,0.054399201,28898
9/8/2022,19289.94141,19417.35156,19076.71484,19329.83398,19329.83398,32194477850,0.050669674,24210
9/9/2022,19328.14063,21439.41016,19310.96289,21381.15234,21381.15234,48469528171,0.074873786,26007
9/10/2022,21376.91211,21760.27539,21168.72266,21680.53906,21680.53906,36913738894,0.086009556,19380
9/11/2022,21678.54297,21770.55273,21406.94531,21769.25586,21769.25586,34493951963,0.087868113,18084
9/12/2022,21770.14844,22439.18164,21603.89648,22370.44922,22370.44922,50212088965,0.068987934,24195
9/13/2022,22371.48047,22673.82031,20062.66992,20296.70703,20296.70703,51091116622,0.048112992,27631
9/14/2022,20184.55469,20467.20117,19793.39648,20241.08984,20241.08984,37872380889,0.062203605,23795
9/15/2022,20242.28906,20318.16602,19636.73438,19701.21094,19701.21094,36389011503,0.079306692,22291
9/16/2022,19704.00586,19870.62891,19400.07617,19772.58398,19772.58398,30123362273,0.056299343,21668
9/17/2022,19777.0332,20162.53125,19777.0332,20127.57617,20127.57617,24957448100,0.08769143,18194
9/18/2022,20127.23438,20127.23438,19387.49219,19419.50586,19419.50586,31254779144,0.070308332,18803
9/19/2022,19418.57227,19639.48047,18390.31836,19544.12891,19544.12891,40177002624,0.031652847,25673
9/20/2022,19545.5918,19602.45703,18813.45508,18890.78906,18890.78906,36791346508,0.063295684,24155
9/21/2022,18891.2832,19674.63086,18290.31445,18547.40039,18547.40039,46363793975,0.062710955,25059
9/22/2022,18534.65039,19456.91016,18415.5918,19413.55078,19413.55078,41135767926,0.068612471,22556
9/23/2022,19412.40039,19464.67188,18617.55273,19297.63867,19297.63867,38896078052,0.053719943,21335
9/24/2022,19296.99023,19310.19727,18861.97461,18937.01172,18937.01172,26149643168,0.063122574,17190
9/25/2022,18936.31055,19134.73242,18696.46875,18802.09766,18802.09766,23359966112,0.08679883,17624
9/26/2022,18803.90039,19274.87305,18721.28516,19222.67188,19222.67188,44148798321,0.071418746,23074
9/27/2022,19221.83984,20338.45508,18915.66797,19110.54688,19110.54688,58571439619,0.069898974,26407
9/28/2022,19104.62109,19688.34375,18553.29688,19426.7207,19426.7207,53071298734,0.062148811,25469
9/29/2022,19427.7793,19589.26563,18924.35352,19573.05078,19573.05078,41037843771,0.055729029,24809
9/30/2022,19573.43164,20109.84961,19265.66211,19431.78906,19431.78906,43975248085,0.047238585,24375
10/1/2022,19431.10547,19471.1543,19231.08203,19312.0957,19312.0957,18719537670,0.067988606,18560
10/2/2022,19311.84961,19370.30859,18970.62109,19044.10742,19044.10742,20765955327,0.067307878,19301
10/3/2022,19044.06836,19653.54297,19025.22656,19623.58008,19623.58008,30484729489,0.063988074,23857
10/4/2022,19623.58398,20380.34375,19523.83984,20336.84375,20336.84375,35887278685,0.058772934,25858
10/5/2022,20335.90039,20343.74805,19801.80078,20160.7168,20160.7168,33223790572,0.058178696,24295
10/6/2022,20161.03906,20408.39258,19900.08789,19955.44336,19955.44336,34711412966,0.05302022,23423
10/7/2022,19957.55859,20041.08594,19395.79297,19546.84961,19546.84961,29227315390,0.055040022,23230
10/8/2022,19546.32813,19601.69531,19299.41406,19416.56836,19416.56836,16437423167,0.067113384,19941
10/9/2022,19417.47852,19542.53906,19349.25977,19446.42578,19446.42578,16837262532,0.092852636,18971
10/10/2022,19446.41602,19515.4668,19102.97852,19141.48438,19141.48438,27425022774,0.067957166,24153
10/11/2022,19139,19241.96094,18925.60352,19051.41797,19051.41797,28711532910,0.053009673,26163
10/12/2022,19052.64648,19203.19922,19029.75781,19157.44531,19157.44531,24950173846,0.067423318,24757
10/13/2022,19156.9668,19453.32813,18319.82227,19382.9043,19382.9043,44219840004,0.055497913,29522
10/14/2022,19382.5332,19889.14648,19115.4082,19185.65625,19185.65625,38452356727,0.069352972,26185
10/15/2022,19185.4375,19212.54102,19019.25,19067.63477,19067.63477,16192235532,0.075082099,21387
10/16/2022,19068.91406,19389.60352,19068.91406,19268.09375,19268.09375,17988916650,0.070008029,22568
10/17/2022,19268.5625,19635.80273,19173.33398,19550.75781,19550.75781,27472552998,0.08081929,25041
10/18/2022,19550.4668,19666.99414,19144.76953,19334.41602,19334.41602,30580012344,0.062881226,25572
10/19/2022,19335.02734,19348.41602,19127.6875,19139.53516,19139.53516,22425387184,0.077234895,25050
10/20/2022,19138.08594,19315.19922,18971.45898,19053.74023,19053.74023,24493974420,0.081222584,24290
10/21/2022,19053.20313,19237.38477,18770.9707,19172.46875,19172.46875,32459287866,0.07150931,24787
10/22/2022,19172.38086,19248.06836,19132.24414,19208.18945,19208.18945,16104440957,0.075110073,21302
10/23/2022,19207.73438,19646.65234,19124.19727,19567.00781,19567.00781,22128794335,0.087045842,21258
10/24/2022,19567.76953,19589.125,19206.32422,19345.57227,19345.57227,30202235805,0.071074322,23907
10/25/2022,19344.96484,20348.41211,19261.44727,20095.85742,20095.85742,47761524910,0.089118323,26861
10/26/2022,20092.23633,20938.13477,20076.11719,20770.44141,20770.44141,58895950537,0.086342061,26656
10/27/2022,20772.80273,20854.04492,20255.37305,20285.83594,20285.83594,49625110402,0.096155836,24851
10/28/2022,20287.95703,20724.98047,20086.06836,20595.35156,20595.35156,43994715910,0.100414118,24563
10/29/2022,20595.10352,20988.39453,20566.48438,20818.47656,20818.47656,40369840645,0.09317829,20388
10/30/2022,20817.98242,20917.00586,20547.46289,20635.60352,20635.60352,31486345556,0.11695637,20157
10/31/2022,20633.69531,20795.32031,20287.45898,20495.77344,20495.77344,45668466815,0.095832689,26976
11/1/2022,20494.89844,20647.28906,20359.8457,20485.27344,20485.27344,39819303159,0.092343443,50139
11/2/2022,20482.95898,20742.81055,20087.13477,20159.50391,20159.50391,55552169483,0.070040403,47908
11/3/2022,20162.68945,20382.0957,20086.24023,20209.98828,20209.98828,43228750179,0.066778867,50769
11/4/2022,20208.76953,21209.56055,20188.01953,21147.23047,21147.23047,64072727950,0.07997745,57478
11/5/2022,21144.83203,21446.88672,21097.63477,21282.69141,21282.69141,37846047609,0.085863037,57362
11/6/2022,21285.05664,21345.37695,20920.19141,20926.48633,20926.48633,35082693210,0.098340147,51656
11/7/2022,20924.62109,21053.24609,20489.97266,20602.81641,20602.81641,53510852236,0.087646519,52041
11/8/2022,20600.67188,20664.60742,17603.54492,18541.27148,18541.27148,1.19E+11,0.044860074,61882
11/9/2022,18543.76172,18590.45898,15682.69238,15880.78027,15880.78027,1.03E+11,0.01301513,77951
11/10/2022,15883.1582,18054.3125,15834.01856,17586.77148,17586.77148,83202283721,0.011191414,78451
11/11/2022,17583.25195,17650.94336,16543.48242,17034.29297,17034.29297,55871616488,0.014100919,65408
11/12/2022,17036.875,17066.67578,16651.77539,16799.18555,16799.18555,29717699419,0.01071506,54562
11/13/2022,16799.72266,16920.76563,16320.63477,16353.36523,16353.36523,27209183682,0.019107649,49643
11/14/2022,16352.02832,17109.32422,15872.94141,16618.19922,16618.19922,49630243054,0.028623098,54427
11/15/2022,16617.48438,17051.96289,16542.55078,16884.61328,16884.61328,36599436183,0.045834328,59483
11/16/2022,16884.3418,16960.29492,16430.11133,16669.43945,16669.43945,33925512989,0.060506476,56792
11/17/2022,16670.42578,16726.43945,16460.68359,16687.51758,16687.51758,27868914022,0.056159496,55512
11/18/2022,16687.91211,16947.05859,16564.61133,16697.77734,16697.77734,26862218609,0.046763745,53892
11/19/2022,16696.2207,16797.87695,16570.41016,16711.54688,16711.54688,16106223492,0.044203323,46490
11/20/2022,16712.91992,16746.7793,16248.69238,16291.83203,16291.83203,21313378652,0.03787945,46670
11/21/2022,16291.22363,16291.22363,15599.04688,15787.28418,15787.28418,37429485518,0.027722772,58651
11/22/2022,15782.30078,16253.04785,15656.60645,16189.76953,16189.76953,30726828760,0.027731546,61620
11/23/2022,16195.58887,16638.19336,16170.50293,16610.70703,16610.70703,32958875628,0.032416914,56385
11/24/2022,16611.63672,16771.47461,16501.76758,16604.46484,16604.46484,26129037414,0.040928025,51221
11/25/2022,16602.26953,16603.31641,16388.4043,16521.8418,16521.8418,18678255976,0.0702825,48711
11/26/2022,16521.57617,16666.86328,16416.22852,16464.28125,16464.28125,18000008764,0.09056263,48690
11/27/2022,16463.88281,16594.40625,16437.02539,16444.62695,16444.62695,20443898509,0.090174026,22078
11/28/2022,16440.22266,16482.93359,16054.53027,16217.32227,16217.32227,27743025156,0.071929062,48598
11/29/2022,16217.63965,16522.25781,16139.39648,16444.98242,16444.98242,23581685468,0.062858798,50859
11/30/2022,16445.47656,17190.9375,16445.47656,17168.56641,17168.56641,29523576583,0.061577266,50686
12/1/2022,17168.00195,17197.49805,16888.38867,16967.13281,16967.13281,22895392882,0.058093737,49867
12/2/2022,16968.68359,17088.66016,16877.88086,17088.66016,17088.66016,19539705127,0.057057324,45726
12/3/2022,17090.09766,17116.04102,16888.14063,16908.23633,16908.23633,16217776704,0.057238029,40614
12/4/2022,16908.16992,17157.76758,16903.43945,17130.48633,17130.48633,16824520830,0.063168927,36693
12/5/2022,17128.89453,17378.15234,16922.43164,16974.82617,16974.82617,22209086834,0.063803881,41978
12/6/2022,16975.23828,17091.86328,16939.92188,17089.50391,17089.50391,19889922369,0.05881527,45838
12/7/2022,17089.50586,17109.37695,16750.55859,16848.12695,16848.12695,19675404389,0.052680691,43914
12/8/2022,16847.34961,17267.91602,16788.7832,17233.47461,17233.47461,20496603770,0.057154228,43863
12/9/2022,17232.14844,17280.54688,17100.83594,17133.15234,17133.15234,20328426366,0.061482388,43361
12/10/2022,17134.2207,17216.82617,17120.68359,17128.72461,17128.72461,12706781969,0.053167641,39326
12/11/2022,17129.71094,17245.63477,17091.82031,17104.19336,17104.19336,14122486832,0.062165392,35767
12/12/2022,17102.5,17212.56445,16899.39453,17206.4375,17206.4375,19617581341,0.068437414,40453
12/13/2022,17206.44141,17930.08594,17111.76367,17781.31836,17781.31836,26634741631,0.058274341,49616
12/14/2022,17782.06641,18318.53125,17739.51367,17815.65039,17815.65039,25534481470,0.057223348,52969
12/15/2022,17813.64453,17846.74414,17322.58984,17364.86523,17364.86523,20964448341,0.056328364,49373
12/16/2022,17364.54688,17505.52539,16584.70117,16647.48438,16647.48438,24031608960,0.05459558,47958
12/17/2022,16646.98242,16800.58984,16614.0293,16795.0918,16795.0918,14463581825,0.059559715,45147
12/18/2022,16795.60938,16815.38672,16697.82031,16757.97656,16757.97656,10924354698,0.065960918,37765
12/19/2022,16759.04102,16807.52734,16398.13672,16439.67969,16439.67969,17221074814,0.074875452,39331
12/20/2022,16441.78711,17012.98438,16427.86719,16906.30469,16906.30469,22722096615,0.087918189,43320
12/21/2022,16904.52734,16916.80078,16755.91211,16817.53516,16817.53516,14882945045,0.085664099,42930
12/22/2022,16818.38086,16866.67383,16592.4082,16830.3418,16830.3418,16441573050,0.075382079,42854
12/23/2022,16829.64453,16905.21875,16794.45898,16796.95313,16796.95313,15329265213,0.078311488,41331
12/24/2022,16796.97656,16864.70313,16793.52734,16847.75586,16847.75586,9744636213,0.084540152,37631
12/25/2022,16847.50586,16860.55469,16755.25391,16841.98633,16841.98633,11656379938,0.094762471,33948
12/26/2022,16842.25,16920.12305,16812.36914,16919.80469,16919.80469,11886957804,0.093101053,35789
12/27/2022,16919.29102,16959.8457,16642.07227,16717.17383,16717.17383,15748580239,0.072575044,39145
12/28/2022,16716.40039,16768.16992,16497.55664,16552.57227,16552.57227,17005713920,0.055302138,41370
12/29/2022,16552.32227,16651.75586,16508.68359,16642.3418,16642.3418,14472237479,0.066597753,41728
12/30/2022,16641.33008,16643.42773,16408.47461,16602.58594,16602.58594,15929162910,0.076080252,39807
12/31/2022,16603.67383,16628.98633,16517.51953,16547.49609,16547.49609,11239186456,0.08664067,37835
1/1/2023,16547.91406,16630.43945,16521.23438,16625.08008,16625.08008,9244361700,0.105646574,17107
1/2/2023,16625.50977,16759.34375,16572.22852,16688.4707,16688.4707,12097775227,0.074716886,20915
1/3/2023,16688.84766,16760.44727,16622.37109,16679.85742,16679.85742,13903079207,0.080171879,26908
1/4/2023,16680.20508,16964.58594,16667.76367,16863.23828,16863.23828,18421743322,0.081268771,23925
1/5/2023,16863.47266,16884.02148,16790.2832,16836.73633,16836.73633,13692758566,0.075178298,21982
1/6/2023,16836.47266,16991.99414,16716.42188,16951.96875,16951.96875,14413662913,0.06167941,21928
1/7/2023,16952.11719,16975.01758,16914.19141,16955.07813,16955.07813,7714767174,0.084294446,18772
1/8/2023,16954.14648,17091.14453,16924.05078,17091.14453,17091.14453,9768827914,0.088385592,19022
1/9/2023,17093.99219,17389.95703,17093.99219,17196.55469,17196.55469,18624736866,0.071526992,25744
1/10/2023,17192.94922,17484.7207,17162.99023,17446.29297,17446.29297,15808338949,0.072374499,23450
1/11/2023,17446.35938,17934.89648,17337.99414,17934.89648,17934.89648,18372283782,0.047715744,21346
1/12/2023,18117.59375,19030.08789,17995.20313,18869.58789,18869.58789,34971338710,0.063529318,29395
1/13/2023,18868.90625,19964.32227,18753.16406,19909.57422,19909.57422,29225029694,0.065613751,27038
1/14/2023,19910.53711,21075.14258,19907.82813,20976.29883,20976.29883,38967784639,0.060942105,31240
1/15/2023,20977.48438,20993.74805,20606.98633,20880.79883,20880.79883,19298407543,0.074481855,20542
1/16/2023,20882.22461,21360.875,20715.74609,21169.63281,21169.63281,26792494050,0.080131616,24636
1/17/2023,21175.83398,21438.66016,20978.5332,21161.51953,21161.51953,24999983362,0.083818396,23988
1/18/2023,21161.05078,21564.50195,20541.54492,20688.78125,20688.78125,30005625418,0.050083861,25255
1/19/2023,20686.74609,21163.01172,20685.38086,21086.79297,21086.79297,21152848261,0.051594198,22445
1/20/2023,21085.37305,22692.35742,20919.12695,22676.55273,22676.55273,28799154319,0.050680194,25271
1/21/2023,22677.42773,23282.34766,22511.83398,22777.625,22777.625,32442278429,0.059653811,25332
1/22/2023,22777.98633,23056.73047,22387.90039,22720.41602,22720.41602,24746386230,0.074594655,19846
1/23/2023,22721.08789,23126.48633,22654.30469,22934.43164,22934.43164,26518700512,0.085436121,23032
1/24/2023,22929.62695,23134.01172,22549.74414,22636.46875,22636.46875,26405069715,0.081693933,24003
1/25/2023,22639.26758,23722.09961,22406.07617,23117.85938,23117.85938,30685366709,0.086117225,24780
1/26/2023,23108.95508,23237.07813,22911.37305,23032.77734,23032.77734,26357839322,0.079687209,22879
1/27/2023,23030.7168,23417.7207,22654.59375,23078.72852,23078.72852,25383335641,0.079158134,22467
1/28/2023,23079.96484,23165.89648,22908.8457,23031.08984,23031.08984,14712928379,0.087289678,17846
1/29/2023,23031.44922,23919.89063,22985.07031,23774.56641,23774.56641,27423687259,0.078833095,19776
1/30/2023,23774.64844,23789.34766,22657.58203,22840.13867,22840.13867,27205595568,0.066898289,23489
1/31/2023,22840.79688,23225.02148,22765.56836,23139.2832,23139.2832,22837828665,0.061329793,22147
2/1/2023,23137.83594,23764.53906,22877.75,23723.76953,23723.76953,26683255504,0.06005312,23316
2/2/2023,23720.82422,24167.21094,23468.5957,23471.87109,23471.87109,32066936882,0.062851927,25433
2/3/2023,23469.41211,23678.10352,23279.95508,23449.32227,23449.32227,27083066007,0.050570464,21422
2/4/2023,23446.32031,23556.94922,23291.79492,23331.84766,23331.84766,15639298538,0.078237346,17474
2/5/2023,23332.24805,23423.43555,22841.75977,22955.66602,22955.66602,19564262605,0.110733016,18581
2/6/2023,22954.02148,23119.2793,22692.02539,22760.10938,22760.10938,23825006542,0.11793612,25858
2/7/2023,22757.26758,23310.97461,22756.25781,23264.29102,23264.29102,27187964471,0.097722349,22035
2/8/2023,23263.41602,23367.95898,22731.09766,22939.39844,22939.39844,25371367758,0.094459818,18897
2/9/2023,22946.56641,22996.4375,21773.97461,21819.03906,21819.03906,32572572185,0.084988946,21711
2/10/2023,21819.00586,21941.18555,21539.39258,21651.18359,21651.18359,27078406594,0.076975813,19408
2/11/2023,21651.8418,21891.41016,21618.44922,21870.875,21870.875,16356226232,0.081134893,15079
2/12/2023,21870.90234,22060.99414,21682.82813,21788.20313,21788.20313,17821046406,0.087365933,14322
2/13/2023,21787,21898.41406,21460.08789,21808.10156,21808.10156,23918742607,0.059432073,17482
2/14/2023,21801.82227,22293.14063,21632.39453,22220.80469,22220.80469,26792596581,0.088611287,18486
2/15/2023,22220.58594,24307.8418,22082.76953,24307.8418,24307.8418,32483312909,0.131860568,22596
2/16/2023,24307.34961,25134.11719,23602.52344,23623.47461,23623.47461,39316664596,0.104332665,22853
2/17/2023,23621.2832,24924.04102,23460.75586,24565.60156,24565.60156,41358451255,0.083579181,20259
2/18/2023,24565.29688,24798.83594,24468.37305,24641.27734,24641.27734,19625427158,0.132306597,15470
2/19/2023,24640.02734,25093.05469,24327.64258,24327.64258,24327.64258,25555105670,0.11369316,17190
2/20/2023,24336.62305,25020.45898,23927.91016,24829.14844,24829.14844,28987376573,0.119119576,20541
2/21/2023,24833.04883,25126.85156,24200.36328,24436.35352,24436.35352,31252098714,0.109460446,20720
2/22/2023,24437.41797,24472.33984,23644.31836,24188.84375,24188.84375,30199996781,0.091921746,19269
2/23/2023,24190.71875,24572.08984,23693.91992,23947.49219,23947.49219,30476264066,0.090157526,21559
2/24/2023,23946.00781,24103.70508,23007.07227,23198.12695,23198.12695,26811744928,0.082388695,18283
2/25/2023,23200.125,23210.21094,22861.55859,23175.375,23175.375,16100721565,0.104550407,14740
2/26/2023,23174.15039,23654.36719,23084.2207,23561.21289,23561.21289,16644534842,0.156097359,16522
2/27/2023,23561.45117,23857.89063,23205.87891,23522.87109,23522.87109,22660763494,0.102792079,18509
2/28/2023,23521.83789,23585.38477,23077.65039,23147.35352,23147.35352,20535363434,0.120285637,19042
3/1/2023,23150.92969,23880.63281,23088.62695,23646.55078,23646.55078,24662841200,0.101150344,18513
3/2/2023,23647.01953,23739.13867,23245.02148,23475.4668,23475.4668,20386398516,0.08584339,17447
3/3/2023,23476.63281,23479.34766,22213.23828,22362.67969,22362.67969,26062404610,0.059202526,20700
3/4/2023,22362.92383,22405.17773,22198.98047,22353.34961,22353.34961,11166012913,0.09586066,14315
3/5/2023,22354.14453,22613.68555,22307.14258,22435.51367,22435.51367,13317001733,0.09502893,14028
3/6/2023,22436.81641,22584.29297,22331.31445,22429.75781,22429.75781,17353192895,0.124504664,31362
3/7/2023,22428.32227,22527.41797,22011.26172,22219.76953,22219.76953,22765452204,0.080597149,19214
3/8/2023,22216.44141,22268.89648,21708.05078,21718.08008,21718.08008,22536575684,0.080990774,18927
3/9/2023,21720.08008,21802.7168,20210.30664,20363.02148,20363.02148,30364664171,0.053507574,23342
3/10/2023,20367.00195,20370.5957,19628.25391,20187.24414,20187.24414,39578257695,0.029336738,26939
3/11/2023,20187.87695,20792.52539,20068.66016,20632.41016,20632.41016,30180288176,0.035074849,22555
3/12/2023,20628.0293,22185.03125,20448.80664,22163.94922,22163.94922,29279035521,0.047745474,21928
3/13/2023,22156.40625,24550.83789,21918.19922,24197.5332,24197.5332,49466362688,0.049768383,35502
3/14/2023,24201.76563,26514.7168,24081.18359,24746.07422,24746.07422,54622230164,0.09656483,40514
3/15/2023,24770.92578,25240.61523,23964.91016,24375.96094,24375.96094,43655701450,0.09188123,25438
3/16/2023,24373.45703,25190.32617,24225.11133,25052.78906,25052.78906,33866061747,0.101552502,22658
3/17/2023,25055.12305,27787.8125,24955.16992,27423.92969,27423.92969,50730261335,0.076828337,29266
3/18/2023,27448.11719,27725.95313,26636.26172,26965.87891,26965.87891,35723036817,0.116017299,28777
3/19/2023,26969.50391,28440.56055,26907.7168,28038.67578,28038.67578,37769448859,0.079922058,25361
3/20/2023,28041.60156,28527.72461,27242.88086,27767.23633,27767.23633,44774027664,0.104007334,34735
3/21/2023,27768.39258,28439.5625,27439.64648,28175.81641,28175.81641,36102192830,0.101138447,30492
3/22/2023,28158.7207,28803.33594,26759.99609,27307.4375,27307.4375,33382021890,0.058304899,27020
3/23/2023,27301.95703,28729.84375,27183.36328,28333.97266,28333.97266,24220433689,0.062971327,22498
3/24/2023,28324.11133,28388.4375,27039.26563,27493.28516,27493.28516,25980310960,0.077502927,22639
3/25/2023,27487.33789,27791.82617,27196.23438,27494.70703,27494.70703,13383005987,0.083313161,16307
3/26/2023,27495.52344,28178.14453,27445.04688,27994.33008,27994.33008,13878363192,0.079089494,16490
3/27/2023,27994.06836,28037.92578,26606.68945,27139.88867,27139.88867,18188895178,0.082256281,27591
3/28/2023,27132.88867,27460.71875,26677.81836,27268.13086,27268.13086,17783600385,0.071266855,21355
3/29/2023,27267.03125,28619.54297,27259.66211,28348.44141,28348.44141,20684945906,0.08940285,28960
3/30/2023,28350.14063,29159.90234,27720.16016,28033.5625,28033.5625,22435349951,0.075771779,23246
3/31/2023,28032.26172,28639.89648,27583.71484,28478.48438,28478.48438,19001327598,0.073238912,21205
